Site,Site Name,J48,Random Forest,Naive Bayes,Actual,Category,
1,google.de,FALSE,FALSE,FALSE,,,
2,google.com,FALSE,FALSE,FALSE,,,
3,facebook.com,FALSE,FALSE,FALSE,,,
4,wikipedia.org,FALSE,FALSE,FALSE,,,
5,ebay.de,FALSE,FALSE,FALSE,,,
6,web.de,FALSE,FALSE,FALSE,,,
7,ebay-kleinanzeigen.de,FALSE,FALSE,FALSE,,,
8,bild.de,TRUE,TRUE,TRUE,TRUE,News/Journal,
9,gmx.net,FALSE,FALSE,FALSE,,,
10,spiegel.de,FALSE,FALSE,FALSE,,,
11,ok.ru,FALSE,FALSE,FALSE,,,
12,chip.de,FALSE,FALSE,FALSE,,,
13,samsung.com,FALSE,FALSE,FALSE,,,
14,twitter.com,FALSE,FALSE,FALSE,,,
15,pornhub.com,TRUE,TRUE,FALSE,TRUE,Pornography,
16,focus.de,FALSE,FALSE,FALSE,,,
17,instagram.com,FALSE,FALSE,FALSE,,,
18,paypal.com,TRUE,TRUE,FALSE,FALSE,,
19,gutefrage.net,FALSE,FALSE,FALSE,,,
20,xnxx.com,FALSE,FALSE,FALSE,,,
21,mail.ru,FALSE,FALSE,FALSE,,,
22,bing.com,FALSE,FALSE,FALSE,,,
23,dhl.de,FALSE,FALSE,FALSE,,,
24,twitch.tv,FALSE,FALSE,FALSE,,,
25,idealo.de,FALSE,FALSE,FALSE,,,
26,chefkoch.de,FALSE,FALSE,FALSE,,,
27,whatsapp.com,FALSE,FALSE,FALSE,,,
28,ebay.com,TRUE,FALSE,FALSE,FALSE,,
29,xvideos.com,FALSE,FALSE,FALSE,,,
30,reddit.com,FALSE,FALSE,FALSE,,,
31,vodafone.de,FALSE,FALSE,FALSE,,,
32,outbrain.com,FALSE,FALSE,FALSE,,,
33,telekom.com,FALSE,FALSE,FALSE,,,
34,pinterest.de,FALSE,FALSE,FALSE,,,
35,mobile.de,FALSE,FALSE,FALSE,,,
36,bs.to,FALSE,FALSE,FALSE,,,
37,bahn.de,FALSE,FALSE,FALSE,,,
38,zeit.de,FALSE,FALSE,FALSE,,,
39,youporn.com,TRUE,FALSE,FALSE,TRUE,Pornography,
40,mediamarkt.de,FALSE,FALSE,FALSE,,,
41,pornoruf.com,FALSE,FALSE,FALSE,,,
42,postbank.de,FALSE,FALSE,FALSE,,,
43,stargames.com,FALSE,FALSE,FALSE,,,
44,wetter.com,FALSE,FALSE,FALSE,,,
45,computerbild.de,FALSE,FALSE,FALSE,,,
46,zdf.de,FALSE,FALSE,FALSE,,,
47,n-tv.de,FALSE,FALSE,FALSE,,,
48,microsoft.com,FALSE,FALSE,FALSE,,,
49,yandex.ru,FALSE,FALSE,FALSE,,,
50,tipico.de,FALSE,FALSE,FALSE,,,
51,samsung.de,FALSE,FALSE,FALSE,,,
52,mydealz.de,FALSE,FALSE,FALSE,,,
53,sueddeutsche.de,FALSE,FALSE,FALSE,,,
54,tumblr.com,FALSE,FALSE,FALSE,,,
55,msn.com,FALSE,FALSE,FALSE,,,
56,tagesschau.de,FALSE,FALSE,FALSE,,,
57,mozilla.org,FALSE,FALSE,FALSE,,,
58,intelliad.de,FALSE,FALSE,FALSE,,,
59,google.pl,FALSE,FALSE,FALSE,,,
60,check24.de,FALSE,FALSE,FALSE,,,
61,booking.com,FALSE,FALSE,FALSE,,,
62,plus.google.com,FALSE,FALSE,TRUE,FALSE,,
63,streamcloud.eu,FALSE,FALSE,FALSE,,,
64,google.ru,FALSE,FALSE,FALSE,,,
65,trovi.com,FALSE,FALSE,FALSE,,,
66,apple.com,FALSE,FALSE,FALSE,,,
67,imdb.com,FALSE,FALSE,FALSE,,,
68,mybet.com,FALSE,FALSE,FALSE,,,
69,gameforge.com,FALSE,FALSE,FALSE,,,
70,dropbox.com,FALSE,FALSE,FALSE,,,
71,deutsche-bank.de,FALSE,FALSE,FALSE,,,
72,sweet-page.com,FALSE,FALSE,FALSE,,,
73,news.google.de,FALSE,FALSE,FALSE,,,
74,dailymotion.com,FALSE,FALSE,FALSE,,,
75,uploaded.net,FALSE,FALSE,FALSE,,,
76,baidu.com,FALSE,FALSE,FALSE,,,
77,burning-seri.es,FALSE,FALSE,FALSE,,,
78,gmail.com,FALSE,FALSE,TRUE,FALSE,,
79,bet365.com,FALSE,FALSE,FALSE,,,
80,wikimedia.org,FALSE,FALSE,FALSE,,,
81,pinterest.com,FALSE,FALSE,FALSE,,,
82,goodgamestudios.com,FALSE,FALSE,FALSE,,,
83,autoscout24.de,FALSE,FALSE,FALSE,,,
84,sport1.de,TRUE,TRUE,FALSE,TRUE,Sports/Games,
85,ing-diba.de,FALSE,FALSE,FALSE,,,
86,computerbase.de,FALSE,FALSE,FALSE,,,
87,golem.de,FALSE,FALSE,FALSE,,,
88,joyclub.de,FALSE,FALSE,FALSE,,,
89,comdirect.de,FALSE,FALSE,FALSE,,,
90,rtl.de,FALSE,FALSE,FALSE,,,
91,jappy.de,FALSE,FALSE,FALSE,,,
92,mein-wahres-ich.de,FALSE,FALSE,FALSE,,,
93,moviepilot.de,FALSE,FALSE,FALSE,,,
94,billiger.de,FALSE,FALSE,FALSE,,,
95,adscale.de,FALSE,FALSE,FALSE,,,
96,sparda.de,FALSE,FALSE,FALSE,,,
97,tvtoday.de,FALSE,FALSE,FALSE,,,
98,ndr.de,FALSE,FALSE,FALSE,,,
99,wdr.de,FALSE,FALSE,FALSE,,,
100,br.de,FALSE,FALSE,FALSE,,,
101,unwetterzentrale.de,FALSE,FALSE,FALSE,,,
102,berlin.de,FALSE,FALSE,FALSE,,,
103,woxikon.de,FALSE,FALSE,FALSE,,,
104,poppen.de,FALSE,FALSE,FALSE,,,
105,deutschepost.de,FALSE,FALSE,FALSE,,,
106,adac.de,FALSE,FALSE,FALSE,,,
107,finya.de,FALSE,FALSE,FALSE,,,
108,gofeminin.de,TRUE,FALSE,FALSE,FALSE,,
109,ladenzeile.de,FALSE,FALSE,FALSE,,,
110,opodo.de,FALSE,FALSE,FALSE,,,
111,aldi-sued.de,FALSE,FALSE,FALSE,,,
112,friendscout24.de,FALSE,FALSE,FALSE,,,
113,tagesspiegel.de,FALSE,FALSE,FALSE,,,
114,t3n.de,TRUE,TRUE,FALSE,TRUE,News/Journal,
115,avm.de,FALSE,FALSE,FALSE,,,
116,geizhals.de,FALSE,FALSE,FALSE,,,
117,tz.de,FALSE,FALSE,FALSE,,,
118,kabeldeutschland.de,FALSE,FALSE,FALSE,,,
119,sportschau.de,FALSE,FALSE,FALSE,,,
120,onvista.de,FALSE,FALSE,FALSE,,,
121,baur.de,FALSE,FALSE,FALSE,,,
122,strato.de,FALSE,FALSE,FALSE,,,
123,dpd.de,FALSE,FALSE,FALSE,,,
124,serienjunkies.de,FALSE,FALSE,FALSE,,,
125,wunderweib.de,FALSE,FALSE,FALSE,,,
126,apotheken-umschau.de,FALSE,FALSE,FALSE,,,
127,berliner-sparkasse.de,FALSE,FALSE,FALSE,,,
128,mopo.de,FALSE,FALSE,FALSE,,,
129,pearl.de,FALSE,FALSE,FALSE,,,
130,stayfriends.de,FALSE,FALSE,FALSE,,,
131,qvc.de,FALSE,FALSE,FALSE,,,
132,fussball.de,FALSE,FALSE,FALSE,,,
133,hypovereinsbank.de,FALSE,FALSE,FALSE,,,
134,wg-gesucht.de,FALSE,FALSE,FALSE,,,
135,fotocommunity.de,FALSE,FALSE,FALSE,,,
136,yelp.de,FALSE,FALSE,FALSE,,,
137,urbia.de,FALSE,FALSE,FALSE,,,
138,airbnb.de,FALSE,FALSE,FALSE,,,
139,gruenderszene.de,FALSE,FALSE,FALSE,,,
140,hifi-forum.de,FALSE,FALSE,FALSE,,,
141,paypal.de,TRUE,TRUE,FALSE,FALSE,,
142,myhermes.de,FALSE,FALSE,FALSE,,,
143,onmeda.de,FALSE,FALSE,FALSE,,,
144,kicktipp.de,FALSE,FALSE,FALSE,,,
145,kaufda.de,FALSE,FALSE,FALSE,,,
146,kleiderkreisel.de,FALSE,FALSE,FALSE,,,
147,lablue.de,FALSE,FALSE,FALSE,,,
148,mdr.de,FALSE,FALSE,FALSE,,,
149,zentrum-der-gesundheit.de,FALSE,FALSE,FALSE,,,
150,gelbeseiten.de,FALSE,FALSE,FALSE,,,
151,asos.de,FALSE,FALSE,FALSE,,,
152,adspirit.de,FALSE,FALSE,FALSE,,,
153,auto-motor-und-sport.de,TRUE,TRUE,FALSE,FALSE,Sports/Games,Ads show
154,kalaydo.de,FALSE,FALSE,FALSE,,,
155,volkswagen.de,FALSE,FALSE,FALSE,,,
156,redcoon.de,FALSE,FALSE,FALSE,,,
157,fernsehserien.de,FALSE,FALSE,FALSE,,,
158,helpster.de,FALSE,FALSE,FALSE,,,
159,modhoster.de,FALSE,FALSE,FALSE,,,
160,travelbook.de,FALSE,FALSE,FALSE,,,
161,prosieben.de,FALSE,FALSE,FALSE,,,
162,urlaubspiraten.de,TRUE,TRUE,FALSE,FALSE,,
163,cylex.de,FALSE,FALSE,FALSE,,,
164,promiflash.de,TRUE,TRUE,FALSE,TRUE,News/Journal,
165,essen-und-trinken.de,TRUE,FALSE,FALSE,FALSE,,
166,real.de,TRUE,FALSE,FALSE,FALSE,,
167,dfg.de,FALSE,FALSE,FALSE,,,
168,uni-wuppertal.de,FALSE,FALSE,FALSE,,,
169,aero.de,FALSE,FALSE,FALSE,,,
170,hotel.de,FALSE,FALSE,FALSE,,,
171,heinze.de,FALSE,FALSE,FALSE,,,
172,sims2xsims.de,FALSE,FALSE,FALSE,,,
173,recettes.de,FALSE,FALSE,FALSE,,,
174,realmensew.de,FALSE,FALSE,FALSE,,,
175,bestsave.de,FALSE,FALSE,FALSE,,,
176,tivi.de,FALSE,FALSE,FALSE,,,
177,vebidoo.de,FALSE,FALSE,FALSE,,,
178,codingmonkeys.de,FALSE,FALSE,FALSE,,,
179,berliner-zeitung.de,FALSE,FALSE,FALSE,,,
180,uwe-sieber.de,FALSE,FALSE,FALSE,,,
181,quinito.de,FALSE,FALSE,FALSE,,,
182,sixt.de,FALSE,FALSE,FALSE,,,
183,mediatraffic.de,FALSE,FALSE,FALSE,,,
184,computerwoche.de,FALSE,FALSE,FALSE,,,
185,strawpoll.de,FALSE,FALSE,FALSE,,,
186,ccc.de,FALSE,FALSE,FALSE,,,
187,sparks.de,FALSE,FALSE,FALSE,,,
188,quintessenz.de,FALSE,FALSE,FALSE,,,
189,surfmusic.de,FALSE,FALSE,FALSE,,,
190,geoastro.de,FALSE,FALSE,FALSE,,,
191,luftwaffe.de,FALSE,FALSE,FALSE,,,
192,uni-bielefeld.de,FALSE,FALSE,FALSE,,,
193,businessinsider.de,FALSE,FALSE,FALSE,,,
194,yucata.de,FALSE,FALSE,FALSE,,,
195,rbb-online.de,FALSE,FALSE,FALSE,,,
196,xmedia-recode.de,FALSE,FALSE,FALSE,,,
197,hessenschau.de,FALSE,FALSE,FALSE,,,
198,silverdrak.de,FALSE,FALSE,FALSE,,,
199,decks.de,FALSE,FALSE,FALSE,,,
200,digitalfernsehen.de,FALSE,FALSE,FALSE,,,
201,jpgames.de,FALSE,FALSE,FALSE,,,
202,ngo-nail.de,FALSE,FALSE,FALSE,,,
203,warwick.de,FALSE,FALSE,FALSE,,,
204,mtb-news.de,FALSE,FALSE,FALSE,,,
205,wieistmeineip.de,FALSE,FALSE,FALSE,,,
206,mirando.de,FALSE,FALSE,FALSE,,,
207,lxml.de,FALSE,FALSE,FALSE,,,
208,christina.k12.de.us,FALSE,FALSE,FALSE,,,
209,homeforrent.de,FALSE,FALSE,FALSE,,,
210,ladyboykisses.de,FALSE,FALSE,FALSE,,,
211,burmester.de,FALSE,FALSE,FALSE,,,
212,lesekost.de,FALSE,FALSE,FALSE,,,
213,lzone.de,FALSE,FALSE,FALSE,,,
214,navysite.de,FALSE,FALSE,FALSE,,,
215,senckenberg.de,FALSE,FALSE,FALSE,,,
216,berliner-philharmoniker.de,FALSE,FALSE,FALSE,,,
217,quickgamma.de,FALSE,FALSE,FALSE,,,
218,rund-ums-baby.de,FALSE,FALSE,FALSE,,,
219,kammerl.de,FALSE,FALSE,FALSE,,,
220,unwesen.de,FALSE,FALSE,FALSE,,,
221,andrerinas.de,FALSE,FALSE,FALSE,,,
222,djfun.de,FALSE,FALSE,FALSE,,,
223,airlineconsolidator.de,FALSE,FALSE,FALSE,,,
224,welt-atlas.de,FALSE,FALSE,FALSE,,,
225,intel.de,FALSE,FALSE,FALSE,,,
226,bestservice.de,FALSE,FALSE,FALSE,,,
227,rallye-magazin.de,FALSE,FALSE,FALSE,,,
228,ascii-art.de,FALSE,FALSE,FALSE,,,
229,padag.de,FALSE,FALSE,FALSE,,,
230,hotkinkyjo.de,FALSE,FALSE,FALSE,,,
231,mein-deutschbuch.de,FALSE,FALSE,FALSE,,,
232,joewein.de,FALSE,FALSE,FALSE,,,
233,eurosport.de,FALSE,FALSE,FALSE,,,
234,oz-trauer.de,FALSE,FALSE,FALSE,,,
235,oio.de,FALSE,FALSE,FALSE,,,
236,msb-consultants.de,FALSE,FALSE,FALSE,,,
237,studis-online.de,FALSE,FALSE,FALSE,,,
238,mz-web.de,TRUE,TRUE,FALSE,FALSE,News/Journal,Ads show
239,steinberg.de,FALSE,FALSE,FALSE,,,
240,die-gdi.de,FALSE,FALSE,FALSE,,,
241,facebook.de,TRUE,FALSE,FALSE,FALSE,,
242,jam-software.de,FALSE,FALSE,FALSE,,,
243,spreendigital.de,FALSE,FALSE,FALSE,,,
244,mpg.de,FALSE,FALSE,FALSE,,,
245,fnp.de,FALSE,FALSE,FALSE,,,
246,testedich.de,FALSE,FALSE,FALSE,,,
247,chinaknowledge.de,FALSE,FALSE,FALSE,,,
248,jonafeucht.de,FALSE,FALSE,FALSE,,,
249,hass.de,FALSE,FALSE,FALSE,,,
250,milan-keramik.de,FALSE,FALSE,FALSE,,,
251,knackundbass.de,FALSE,FALSE,FALSE,,,
252,dyn-vpn.de,FALSE,FALSE,FALSE,,,
253,softmaker.de,FALSE,FALSE,FALSE,,,
254,tu-berlin.de,FALSE,FALSE,FALSE,,,
255,nvidia.de,FALSE,FALSE,FALSE,,,
256,lbb.de,FALSE,FALSE,FALSE,,,
257,unit-m.de,FALSE,FALSE,FALSE,,,
258,arri.de,FALSE,FALSE,FALSE,,,
259,paket.de,FALSE,FALSE,FALSE,,,
260,moviestarplanet.de,FALSE,FALSE,FALSE,,,
261,uni-bayreuth.de,FALSE,FALSE,FALSE,,,
262,tu-braunschweig.de,FALSE,FALSE,FALSE,,,
263,skewed.de,FALSE,FALSE,FALSE,,,
264,beck-shop.de,FALSE,FALSE,FALSE,,,
265,nintendo.de,FALSE,FALSE,FALSE,,,
266,uni-augsburg.de,FALSE,FALSE,FALSE,,,
267,sims4ccthebest.blogspot.de,FALSE,FALSE,FALSE,,,
268,proteste.de,FALSE,FALSE,FALSE,,,
269,we-online.de,FALSE,FALSE,FALSE,,,
270,aida.de,FALSE,FALSE,FALSE,,,
271,german-grammar.de,FALSE,FALSE,FALSE,,,
272,vray-materials.de,FALSE,FALSE,FALSE,,,
273,dvinci.de,FALSE,FALSE,FALSE,,,
274,snafets.de,FALSE,FALSE,FALSE,,,
275,ln-trauer.de,FALSE,FALSE,FALSE,,,
276,bits.de,FALSE,FALSE,FALSE,,,
277,meilenschnaeppchen.de,FALSE,FALSE,FALSE,,,
278,techbook.de,FALSE,FALSE,FALSE,,,
279,madamecuisine.de,FALSE,FALSE,FALSE,,,
280,musiker-board.de,FALSE,FALSE,FALSE,,,
281,qucosa.de,FALSE,FALSE,FALSE,,,
282,ellpeck.de,FALSE,FALSE,FALSE,,,
283,lisanet.de,FALSE,FALSE,FALSE,,,
284,derhobbit-film.de,FALSE,FALSE,FALSE,,,
285,network-science.de,FALSE,FALSE,FALSE,,,
286,softgarden.de,FALSE,FALSE,FALSE,,,
287,doepfer.de,FALSE,FALSE,FALSE,,,
288,uni-magdeburg.de,FALSE,FALSE,FALSE,,,
289,amazona.de,FALSE,FALSE,FALSE,,,
290,neuschwanstein.de,FALSE,FALSE,FALSE,,,
291,augsburger-allgemeine.de,FALSE,FALSE,FALSE,,,
292,pik-potsdam.de,FALSE,FALSE,FALSE,,,
293,emailmarketingtipps.de,FALSE,FALSE,FALSE,,,
294,bundesliga.de,FALSE,FALSE,FALSE,,,
295,julianloehr.de,FALSE,FALSE,FALSE,,,
296,tonspion.de,FALSE,FALSE,FALSE,,,
297,paradisecoast.de,FALSE,FALSE,FALSE,,,
298,yolocaust.de,FALSE,FALSE,FALSE,,,
299,ubuntuusers.de,FALSE,FALSE,FALSE,,,
300,picr.de,FALSE,FALSE,FALSE,,,
301,ticketmaster.de,FALSE,FALSE,FALSE,,,
302,europa-uni.de,FALSE,FALSE,FALSE,,,
303,hhv.de,FALSE,FALSE,FALSE,,,
304,golyr.de,FALSE,FALSE,FALSE,,,
305,annettssims4welt.blogspot.de,FALSE,FALSE,FALSE,,,
306,qantara.de,FALSE,FALSE,FALSE,,,
307,fpx.de,FALSE,FALSE,FALSE,,,
308,slingshotchannelstore.de,FALSE,FALSE,FALSE,,,
309,antondoll.de,FALSE,FALSE,FALSE,,,
310,itb-berlin.de,FALSE,FALSE,FALSE,,,
311,norberthaering.de,FALSE,FALSE,FALSE,,,
312,steidl.de,FALSE,FALSE,FALSE,,,
313,hannovermesse.de,FALSE,FALSE,FALSE,,,
314,go-baduk-weiqi.de,FALSE,FALSE,FALSE,,,
315,nrw.de,FALSE,FALSE,FALSE,,,
316,kartenabrechnung.de,FALSE,FALSE,FALSE,,,
317,auto-service.de,FALSE,FALSE,FALSE,,,
318,consolidatorgroup.de,FALSE,FALSE,FALSE,,,
319,rohloff.de,FALSE,FALSE,FALSE,,,
320,pervyfantasyproductions.blogspot.de,FALSE,FALSE,FALSE,,,
321,asiankisses.de,FALSE,FALSE,FALSE,,,
322,weilnetz.de,FALSE,FALSE,FALSE,,,
323,ruhr-uni-bochum.de,FALSE,FALSE,FALSE,,,
324,gifsanimados.de,FALSE,FALSE,FALSE,,,
325,uni-weimar.de,FALSE,FALSE,FALSE,,,
326,resource-packs.de,FALSE,FALSE,FALSE,,,
327,laco.de,FALSE,FALSE,FALSE,,,
328,gmx.de,FALSE,FALSE,FALSE,,,
329,zenmate.de,FALSE,FALSE,FALSE,,,
330,badische-zeitung.de,FALSE,FALSE,FALSE,,,
331,lovescout24.de,FALSE,FALSE,FALSE,,,
332,mdc-berlin.de,FALSE,FALSE,FALSE,,,
333,maztrauer.de,FALSE,FALSE,FALSE,,,
334,michaelbach.de,FALSE,FALSE,FALSE,,,
335,guest-registration.de,FALSE,FALSE,FALSE,,,
336,pwc.de,FALSE,FALSE,FALSE,,,
337,fonpit.de,FALSE,FALSE,FALSE,,,
338,cfos.de,FALSE,FALSE,FALSE,,,
339,uni-kl.de,FALSE,FALSE,FALSE,,,
340,trainerlevelspeed.de,FALSE,FALSE,FALSE,,,
341,haz-trauer.de,FALSE,FALSE,FALSE,,,
342,chemgapedia.de,FALSE,FALSE,FALSE,,,
343,modapi.de,FALSE,FALSE,FALSE,,,
344,uni-marburg.de,FALSE,FALSE,FALSE,,,
345,sat1.de,FALSE,FALSE,FALSE,,,
346,joyofdata.de,FALSE,FALSE,FALSE,,,
347,smartredirect.de,FALSE,FALSE,FALSE,,,
348,bbpb.de,FALSE,FALSE,FALSE,,,
349,dlr.de,FALSE,FALSE,FALSE,,,
350,z0r.de,FALSE,FALSE,FALSE,,,
351,uni-tuebingen.de,FALSE,FALSE,FALSE,,,
352,zazzle.de,FALSE,FALSE,FALSE,,,
353,pokewiki.de,FALSE,FALSE,FALSE,,,
354,veganheaven.de,FALSE,FALSE,FALSE,,,
355,paz-trauer.de,FALSE,FALSE,FALSE,,,
356,phpmyfaq.de,FALSE,FALSE,FALSE,,,
357,uni-konstanz.de,FALSE,FALSE,FALSE,,,
358,problemkaputt.de,FALSE,FALSE,FALSE,,,
359,embl.de,FALSE,FALSE,FALSE,,,
360,fingerstyle-rules.de,FALSE,FALSE,FALSE,,,
361,noz.de,TRUE,TRUE,FALSE,FALSE,News/Journal,Ads show
362,hr-online.de,FALSE,FALSE,FALSE,,,
363,radio.de,FALSE,FALSE,FALSE,,,
364,1jux.de,FALSE,FALSE,FALSE,,,
365,deutschakademie.de,FALSE,FALSE,FALSE,,,
366,bike-discount.de,FALSE,FALSE,FALSE,,,
367,pdroms.de,FALSE,FALSE,FALSE,,,
368,pc-magazin.de,FALSE,TRUE,FALSE,FALSE,,
369,carl-walther.de,FALSE,FALSE,FALSE,,,
370,jukebox-world.de,FALSE,FALSE,FALSE,,,
371,uni-siegen.de,FALSE,FALSE,FALSE,,,
372,airline-direct.de,FALSE,FALSE,FALSE,,,
373,mpil.de,FALSE,FALSE,FALSE,,,
374,spedition-nord.de,FALSE,FALSE,FALSE,,,
375,nuclearblast.de,FALSE,FALSE,FALSE,,,
376,personio.de,FALSE,FALSE,FALSE,,,
377,uni-kassel.de,FALSE,FALSE,FALSE,,,
378,floating-point-gui.de,FALSE,FALSE,FALSE,,,
379,rammstein.de,FALSE,FALSE,FALSE,,,
380,artill.de,FALSE,FALSE,FALSE,,,
381,tattoo-spirit.de,FALSE,FALSE,FALSE,,,
382,ancedis.de,FALSE,FALSE,FALSE,,,
383,lemkesoft.de,FALSE,FALSE,FALSE,,,
384,game5.com.de,FALSE,FALSE,FALSE,,,
385,sugar-bytes.de,FALSE,FALSE,FALSE,,,
386,frankfurt.de,FALSE,FALSE,FALSE,,,
387,meilenrechner.de,FALSE,FALSE,FALSE,,,
388,goethe.de,FALSE,FALSE,FALSE,,,
389,heftig.de,FALSE,FALSE,FALSE,,,
390,freesfonline.de,FALSE,FALSE,FALSE,,,
391,airliners.de,FALSE,FALSE,FALSE,,,
392,citycards.de,FALSE,FALSE,FALSE,,,
393,supergurumi.de,FALSE,FALSE,FALSE,,,
394,mvv-muenchen.de,FALSE,FALSE,FALSE,,,
395,f00l.de,FALSE,FALSE,FALSE,,,
396,alexpage.de,FALSE,FALSE,FALSE,,,
397,ngk.de,FALSE,FALSE,FALSE,,,
398,yiffytoys.de,FALSE,FALSE,FALSE,,,
399,yewcom.de,FALSE,FALSE,FALSE,,,
400,chatkaro.desi,FALSE,FALSE,FALSE,,,
401,trauer-dewezet.de,FALSE,FALSE,FALSE,,,
402,in-chemnitz.de,FALSE,FALSE,FALSE,,,
403,smurfy-net.de,FALSE,FALSE,FALSE,,,
404,toontown-click.de,FALSE,FALSE,FALSE,,,
405,arkforum.de,TRUE,TRUE,TRUE,TRUE,Sports/Games,
406,rwth-aachen.de,FALSE,FALSE,FALSE,,,
407,cherry.de,FALSE,FALSE,FALSE,,,
408,traffic4surf.de,FALSE,FALSE,FALSE,,,
409,urlaubsguru.de,FALSE,FALSE,FALSE,,,
410,cashdorado.de,FALSE,FALSE,FALSE,,,
411,uni-bamberg.de,FALSE,FALSE,FALSE,,,
412,windsurf.de,FALSE,FALSE,FALSE,,,
413,unckel.de,FALSE,FALSE,FALSE,,,
414,hueber.de,FALSE,FALSE,FALSE,,,
415,khm.de,FALSE,FALSE,FALSE,,,
416,birds-online.de,FALSE,FALSE,FALSE,,,
417,hessen.de,FALSE,FALSE,FALSE,,,
418,uni-paderborn.de,FALSE,FALSE,FALSE,,,
419,frankfurt-airport.de,FALSE,FALSE,FALSE,,,
420,springerprofessional.de,FALSE,FALSE,FALSE,,,
421,dfb.de,FALSE,FALSE,FALSE,,,
422,teamspeak.de,FALSE,FALSE,FALSE,,,
423,tu-chemnitz.de,FALSE,FALSE,FALSE,,,
424,myfitnesspal.de,FALSE,FALSE,FALSE,,,
425,junghans.de,FALSE,FALSE,FALSE,,,
426,abendzeitung-muenchen.de,FALSE,FALSE,FALSE,,,
427,model-kartei.de,FALSE,FALSE,FALSE,,,
428,stowa.de,FALSE,FALSE,FALSE,,,
429,ok-magazin.de,FALSE,FALSE,FALSE,,,
430,enterprise.de,FALSE,FALSE,FALSE,,,
431,mpia.de,FALSE,FALSE,FALSE,,,
432,uni-dortmund.de,FALSE,FALSE,FALSE,,,
433,springer.de,FALSE,FALSE,FALSE,,,
434,hammam-ritual.de,FALSE,FALSE,FALSE,,,
435,le-kala.blogspot.de,FALSE,FALSE,FALSE,,,
436,bsd.k12.de.us,FALSE,FALSE,FALSE,,,
437,cactus2000.de,FALSE,FALSE,FALSE,,,
438,unikatmedia.de,FALSE,FALSE,FALSE,,,
439,bpb.de,FALSE,FALSE,FALSE,,,
440,cn-memoriam.de,FALSE,FALSE,FALSE,,,
441,uhrforum.de,FALSE,FALSE,FALSE,,,
442,contitech.de,FALSE,FALSE,FALSE,,,
443,ashtanga-hamburg.de,FALSE,FALSE,FALSE,,,
444,corenoc.de,FALSE,FALSE,FALSE,,,
445,uni-stuttgart.de,FALSE,FALSE,FALSE,,,
446,doe.k12.de.us,FALSE,FALSE,FALSE,,,
447,passiv.de,FALSE,FALSE,FALSE,,,
448,frankfurter-brett.de,FALSE,FALSE,FALSE,,,
449,uni-halle.de,FALSE,FALSE,FALSE,,,
450,piano-midi.de,FALSE,FALSE,FALSE,,,
451,bvg.de,FALSE,FALSE,FALSE,,,
452,trixie.de,FALSE,FALSE,FALSE,,,
453,hetzner.de,FALSE,FALSE,FALSE,,,
454,test.de,FALSE,FALSE,FALSE,,,
455,german-films.de,FALSE,FALSE,FALSE,,,
456,ausliebezumduft.de,FALSE,FALSE,FALSE,,,
457,schaeffler.de,FALSE,FALSE,FALSE,,,
458,rub.de,FALSE,FALSE,FALSE,,,
459,p-2.de,FALSE,FALSE,FALSE,,,
460,geofabrik.de,FALSE,FALSE,FALSE,,,
461,marquise.de,FALSE,FALSE,FALSE,,,
462,thalia.de,FALSE,FALSE,FALSE,,,
463,europapark.de,FALSE,FALSE,FALSE,,,
464,staatsoper.de,FALSE,FALSE,FALSE,,,
465,young-germany.de,FALSE,FALSE,FALSE,,,
466,rechneronline.de,FALSE,FALSE,FALSE,,,
467,ghostyt.de,FALSE,FALSE,FALSE,,,
468,wecontactyou.de,FALSE,FALSE,FALSE,,,
469,mintclassics.de,FALSE,FALSE,FALSE,,,
470,gamepay.de,FALSE,FALSE,FALSE,,,
471,voicesfromthedarkside.de,FALSE,FALSE,FALSE,,,
472,uni-muenchen.de,FALSE,FALSE,FALSE,,,
473,darionation.de,FALSE,FALSE,FALSE,,,
474,pcinspector.de,FALSE,FALSE,FALSE,,,
475,dm.de,FALSE,FALSE,FALSE,,,
476,dj0ip.de,FALSE,FALSE,FALSE,,,
477,rc-network.de,FALSE,FALSE,FALSE,,,
478,eydamos.de,FALSE,FALSE,FALSE,,,
479,xmage.de,FALSE,FALSE,FALSE,,,
480,virtualways.de,FALSE,FALSE,FALSE,,,
481,hst-soft.de,FALSE,FALSE,FALSE,,,
482,exactaudiocopy.de,FALSE,FALSE,FALSE,,,
483,mercedes-benz.de,FALSE,FALSE,FALSE,,,
484,sinnliche-seiten.de,FALSE,FALSE,FALSE,,,
485,bsz-bw.de,FALSE,FALSE,FALSE,,,
486,ceramic-link.de,FALSE,FALSE,FALSE,,,
487,henle.de,FALSE,FALSE,FALSE,,,
488,filmywap.desi,FALSE,FALSE,FALSE,,,
489,toshiba-tro.de,FALSE,FALSE,FALSE,,,
490,psd-dreams.de,FALSE,FALSE,FALSE,,,
491,irbnet.de,FALSE,FALSE,FALSE,,,
492,finanzen100.de,FALSE,FALSE,FALSE,,,
493,teamdna.de,FALSE,FALSE,FALSE,,,
494,ebook.de,FALSE,FALSE,FALSE,,,
495,singlesonsearch.de,FALSE,FALSE,FALSE,,,
496,dariodomi.de,FALSE,FALSE,FALSE,,,
497,freeware.de,FALSE,FALSE,FALSE,,,
498,familienzentrum-leuchtturm-brilon.de,FALSE,FALSE,FALSE,,,
499,pointsoftware.de,FALSE,FALSE,FALSE,,,
500,secnetix.de,FALSE,FALSE,FALSE,,,
501,meinfernbus.de,FALSE,FALSE,FALSE,,,
502,uni-saarland.de,FALSE,FALSE,FALSE,,,
503,uni-freiburg.de,FALSE,FALSE,FALSE,,,
504,lomion.de,FALSE,FALSE,FALSE,,,
505,mtm-online.de,FALSE,FALSE,FALSE,,,
506,consorsbank.de,FALSE,FALSE,FALSE,,,
507,duttke.de,FALSE,FALSE,FALSE,,,
508,tfportal.de,FALSE,FALSE,FALSE,,,
509,brauerei-barth.de,FALSE,FALSE,FALSE,,,
510,bmoa-shop.de,FALSE,FALSE,FALSE,,,
511,deutschlandradiokultur.de,FALSE,FALSE,FALSE,,,
512,suppversity.blogspot.de,FALSE,FALSE,FALSE,,,
513,spektrum.de,FALSE,TRUE,TRUE,FALSE,News/Journal,
514,hillschmidt.de,FALSE,FALSE,FALSE,,,
515,newyorkcity.de,FALSE,FALSE,FALSE,,,
516,uni-mannheim.de,FALSE,FALSE,FALSE,,,
517,maxdome.de,FALSE,FALSE,FALSE,,,
518,eatsmarter.de,FALSE,FALSE,FALSE,,,
519,lexikon-der-wehrmacht.de,FALSE,FALSE,FALSE,,,
520,uni-hildesheim.de,FALSE,FALSE,FALSE,,,
521,amerika-forum.de,FALSE,FALSE,FALSE,,,
522,softgames.de,FALSE,FALSE,FALSE,,,
523,videobuster.de,FALSE,FALSE,FALSE,,,
524,morgenpost.de,FALSE,FALSE,FALSE,,,
525,maki-chan.de,FALSE,FALSE,FALSE,,,
526,hiphopaddictz.de,FALSE,FALSE,FALSE,,,
527,caseking.de,TRUE,FALSE,FALSE,FALSE,,
528,hijackthis.de,FALSE,FALSE,FALSE,,,
529,schmidtundbender.de,FALSE,FALSE,FALSE,,,
530,yorokonde.de,FALSE,FALSE,FALSE,,,
531,kruschtcorner.de,FALSE,FALSE,FALSE,,,
532,sb-innovation.de,FALSE,FALSE,FALSE,,,
533,mlahanas.de,FALSE,FALSE,FALSE,,,
534,uni-due.de,FALSE,FALSE,FALSE,,,
535,englisch-hilfen.de,FALSE,FALSE,FALSE,,,
536,medienkunstnetz.de,FALSE,FALSE,FALSE,,,
537,beepworld.de,FALSE,FALSE,FALSE,,,
538,kas.de,FALSE,FALSE,FALSE,,,
539,wasserbetten-store.de,FALSE,FALSE,FALSE,,,
540,karrierebibel.de,FALSE,FALSE,FALSE,,,
541,tangaland24.de,FALSE,FALSE,FALSE,,,
542,eo2.de,FALSE,FALSE,FALSE,,,
543,aldi-nord.de,FALSE,FALSE,FALSE,,,
544,conceptodefinicion.de,FALSE,FALSE,FALSE,,,
545,privatelink.de,FALSE,FALSE,FALSE,,,
546,ac-schnitzer.de,FALSE,FALSE,FALSE,,,
547,nez-memoriam.de,FALSE,FALSE,FALSE,,,
548,buehne-11-hundert.de,FALSE,FALSE,FALSE,,,
549,munich-airport.de,FALSE,FALSE,FALSE,,,
550,gettyimages.de,FALSE,FALSE,FALSE,,,
551,yellowmap.de,FALSE,FALSE,FALSE,,,
552,praxisvita.de,FALSE,FALSE,FALSE,,,
553,biobyte.de,FALSE,FALSE,FALSE,,,
554,zapmeta.de,FALSE,FALSE,FALSE,,,
555,ralfebert.de,FALSE,FALSE,FALSE,,,
556,getyourguide.de,TRUE,TRUE,FALSE,FALSE,,
557,dhcpserver.de,FALSE,FALSE,FALSE,,,
558,larsjung.de,FALSE,FALSE,FALSE,,,
559,ulistein.de,FALSE,FALSE,FALSE,,,
560,walter-fendt.de,FALSE,FALSE,FALSE,,,
561,antenne.de,FALSE,FALSE,FALSE,,,
562,srm.de,FALSE,FALSE,FALSE,,,
563,gesetze-im-internet.de,FALSE,FALSE,FALSE,,,
564,finden-und-sparen.de,FALSE,FALSE,FALSE,,,
565,bravo.de,FALSE,FALSE,FALSE,,,
566,ghosthack.de,FALSE,FALSE,FALSE,,,
567,springlane.de,FALSE,FALSE,FALSE,,,
568,essenmitsosse.de,FALSE,FALSE,FALSE,,,
569,damengarten.de,FALSE,FALSE,FALSE,,,
570,promobricks.de,FALSE,FALSE,FALSE,,,
571,uni-regensburg.de,FALSE,FALSE,FALSE,,,
572,akisima.de,FALSE,FALSE,FALSE,,,
573,wkpgmbh.de,FALSE,FALSE,FALSE,,,
574,day-dreamer.de,FALSE,FALSE,FALSE,,,
575,newbooks-services.de,FALSE,FALSE,FALSE,,,
576,uni-potsdam.de,FALSE,FALSE,FALSE,,,
577,bmw.de,FALSE,FALSE,FALSE,,,
578,igus.de,FALSE,FALSE,FALSE,,,
579,namenfinden.de,FALSE,FALSE,FALSE,,,
580,mytum.de,FALSE,FALSE,FALSE,,,
581,jacobs-university.de,FALSE,FALSE,FALSE,,,
582,aphorismen.de,FALSE,FALSE,FALSE,,,
583,c-date.de,FALSE,FALSE,FALSE,,,
584,folkarchive.de,FALSE,FALSE,FALSE,,,
585,tk.de,FALSE,FALSE,FALSE,,,
586,benjamin-encz.de,FALSE,FALSE,FALSE,,,
587,moneyhouse.de,FALSE,FALSE,FALSE,,,
588,skandix.de,FALSE,FALSE,FALSE,,,
589,mtv.de,FALSE,FALSE,FALSE,,,
590,dnb.de,FALSE,FALSE,FALSE,,,
591,hu-berlin.de,FALSE,FALSE,FALSE,,,
592,uni-rostock.de,FALSE,FALSE,FALSE,,,
593,teleskop-express.de,FALSE,FALSE,FALSE,,,
594,kopp-verlag.de,FALSE,FALSE,FALSE,,,
595,deejay.de,FALSE,FALSE,FALSE,,,
596,russlandjournal.de,FALSE,FALSE,FALSE,,,
597,hbz-branse.de,FALSE,FALSE,FALSE,,,
598,starcapital.de,FALSE,FALSE,FALSE,,,
599,kornbach-echo.de,FALSE,FALSE,FALSE,,,
600,usatipps.de,FALSE,FALSE,FALSE,,,
601,tetet.de,FALSE,FALSE,FALSE,,,
602,topsites24.de,FALSE,FALSE,FALSE,,,
603,tageblatt-trauer.de,FALSE,FALSE,FALSE,,,
604,4homepages.de,FALSE,FALSE,FALSE,,,
605,harekrsna.de,FALSE,FALSE,FALSE,,,
606,pof.de,FALSE,FALSE,FALSE,,,
607,bayer.de,FALSE,FALSE,FALSE,,,
608,utf8-chartable.de,FALSE,FALSE,FALSE,,,
609,simfans.de,FALSE,FALSE,FALSE,,,
610,arnebrachhold.de,FALSE,FALSE,FALSE,,,
611,atelier-ulrike-boehm.de,FALSE,FALSE,FALSE,,,
612,tu-dresden.de,FALSE,FALSE,FALSE,,,
613,limango.de,FALSE,FALSE,FALSE,,,
614,kurviger.de,FALSE,FALSE,FALSE,,,
615,uni-hannover.de,FALSE,FALSE,FALSE,,,
616,htw-berlin.de,TRUE,FALSE,FALSE,FALSE,,
617,viathinksoft.de,FALSE,FALSE,FALSE,,,
618,thieme.de,FALSE,FALSE,FALSE,,,
619,ipacs.de,FALSE,FALSE,FALSE,,,
620,nuerburgring.de,FALSE,FALSE,FALSE,,,
621,worldofplayers.de,FALSE,FALSE,FALSE,,,
622,tu-darmstadt.de,FALSE,FALSE,FALSE,,,
623,berlios.de,FALSE,FALSE,FALSE,,,
624,universal-music.de,FALSE,FALSE,FALSE,,,
625,mh-nexus.de,FALSE,FALSE,FALSE,,,
626,euni.de,TRUE,TRUE,FALSE,FALSE,,
627,geomar.de,FALSE,FALSE,FALSE,,,
628,hohenschwangau.de,FALSE,FALSE,FALSE,,,
629,uni-duesseldorf.de,FALSE,FALSE,FALSE,,,
630,redensarten-index.de,FALSE,FALSE,FALSE,,,
631,emis.de,FALSE,FALSE,FALSE,,,
632,alle-noten.de,FALSE,FALSE,FALSE,,,
633,babycenter.de,FALSE,FALSE,FALSE,,,
634,chiefdundee.blogspot.de,FALSE,FALSE,FALSE,,,
635,trafficnetzwerk.de,FALSE,FALSE,FALSE,,,
636,uni-bonn.de,FALSE,FALSE,FALSE,,,
637,infinite-source.de,FALSE,FALSE,FALSE,,,
638,roor.de,FALSE,FALSE,FALSE,,,
639,anisearch.de,FALSE,FALSE,FALSE,,,
640,berliner-kurier.de,TRUE,FALSE,FALSE,FALSE,News/Journal,
641,humboldt-foundation.de,FALSE,TRUE,TRUE,,,
642,hitchhikersgui.de,FALSE,FALSE,FALSE,,,
643,einstein-website.de,FALSE,FALSE,FALSE,,,
644,uni-hohenheim.de,FALSE,FALSE,FALSE,,,
645,lotum.de,FALSE,FALSE,FALSE,,,
646,bvb.de,FALSE,FALSE,FALSE,,,
647,mtg-forum.de,FALSE,FALSE,FALSE,,,
648,quickgra.de,FALSE,FALSE,FALSE,,,
649,ruf-automobile.de,FALSE,FALSE,FALSE,,,
650,dr-gumpert.de,FALSE,FALSE,FALSE,,,
651,diplo.de,FALSE,FALSE,FALSE,,,
652,gameswelt.de,FALSE,FALSE,FALSE,,,
653,drwindows.de,FALSE,FALSE,FALSE,,,
654,ambertation.de,FALSE,FALSE,FALSE,,,
655,jpc.de,FALSE,FALSE,FALSE,,,
656,deutschland.de,FALSE,FALSE,FALSE,,,
657,sz-trauer.de,FALSE,FALSE,FALSE,,,
658,tu-bs.de,FALSE,FALSE,FALSE,,,
659,berlin-airport.de,FALSE,FALSE,FALSE,,,
660,propelled.de,FALSE,FALSE,FALSE,,,
661,awi.de,FALSE,FALSE,FALSE,,,
662,wikipedia.de,FALSE,FALSE,FALSE,,,
663,3dnovels.de,FALSE,FALSE,FALSE,,,
664,jedi-bibliothek.de,FALSE,FALSE,FALSE,,,
665,teltarif.de,FALSE,FALSE,FALSE,,,
666,gfz-potsdam.de,FALSE,FALSE,FALSE,,,
667,vielfliegertreff.de,FALSE,FALSE,FALSE,,,
668,jacdec.de,FALSE,FALSE,FALSE,,,
669,alandia.de,FALSE,FALSE,FALSE,,,
670,bundestag.de,FALSE,FALSE,FALSE,,,
671,marathonfitness.de,FALSE,FALSE,FALSE,,,
672,mircon.de,FALSE,FALSE,FALSE,,,
673,tscherwitschke.de,FALSE,FALSE,FALSE,,,
674,r-mueller-dachdeckermeister.de,FALSE,FALSE,FALSE,,,
675,lima-city.de,FALSE,FALSE,FALSE,,,
676,ivini-tech.de,FALSE,FALSE,FALSE,,,
677,blogsport.de,FALSE,FALSE,FALSE,,,
678,affinitas.de,FALSE,FALSE,FALSE,,,
679,lmu.de,FALSE,FALSE,FALSE,,,
680,dreamies.de,FALSE,FALSE,FALSE,,,
681,pascaleggert.de,FALSE,FALSE,FALSE,,,
682,blablacar.de,FALSE,FALSE,FALSE,,,
683,stylebook.de,FALSE,FALSE,FALSE,,,
684,cebit.de,FALSE,FALSE,FALSE,,,
685,sma.de,FALSE,FALSE,FALSE,,,
686,jumk.de,FALSE,FALSE,FALSE,,,
687,tricotage.de,FALSE,FALSE,FALSE,,,
688,art-evolution.de,FALSE,FALSE,FALSE,,,
689,bitsofco.de,FALSE,FALSE,FALSE,,,
690,molon.de,FALSE,FALSE,FALSE,,,
691,sven.de,FALSE,FALSE,FALSE,,,
692,patches-scrolls.de,FALSE,FALSE,FALSE,,,
693,metatrader-experts.de,FALSE,FALSE,FALSE,,,
694,tatsachen-ueber-deutschland.de,FALSE,FALSE,FALSE,,,
695,daad.de,FALSE,FALSE,FALSE,,,
696,billiger-mietwagen.de,FALSE,FALSE,FALSE,,,
697,celsius-fahrenheit.de,FALSE,FALSE,FALSE,,,
698,dia-installer.de,FALSE,FALSE,FALSE,,,
699,study-in.de,FALSE,FALSE,FALSE,,,
700,unitymedia.de,FALSE,FALSE,FALSE,,,
701,globemaster.de,FALSE,FALSE,FALSE,,,
702,boulesnam.de,FALSE,FALSE,FALSE,,,
703,unrealsoftware.de,FALSE,FALSE,FALSE,,,
704,theblog.de,FALSE,FALSE,FALSE,,,
705,imdb.de,FALSE,FALSE,FALSE,,,
706,turck.de,FALSE,FALSE,FALSE,,,
707,kb6.de,FALSE,FALSE,FALSE,,,
708,queer.de,FALSE,FALSE,FALSE,,,
709,uni-erfurt.de,FALSE,FALSE,FALSE,,,
710,codecentric.de,FALSE,FALSE,FALSE,,,
711,np-trauer.de,FALSE,FALSE,FALSE,,,
712,hinkuker.de,FALSE,FALSE,FALSE,,,
713,attractmo.de,FALSE,FALSE,FALSE,,,
714,concepto.de,FALSE,FALSE,FALSE,,,
715,destatis.de,FALSE,FALSE,FALSE,,,
716,mckinsey.de,FALSE,FALSE,FALSE,,,
717,uni-muenster.de,FALSE,FALSE,FALSE,,,
718,sauer.de,FALSE,FALSE,FALSE,,,
719,rollingstone.de,FALSE,FALSE,FALSE,,,
720,aerzteblatt.de,FALSE,FALSE,FALSE,,,
721,diw.de,FALSE,FALSE,FALSE,,,
722,smyrna.k12.de.us,FALSE,FALSE,FALSE,,,
723,markus-enzweiler.de,FALSE,FALSE,FALSE,,,
724,airfrance.de,FALSE,FALSE,FALSE,,,
725,documenta14.de,FALSE,FALSE,FALSE,,,
726,youtv.de,FALSE,FALSE,FALSE,,,
727,fz-juelich.de,FALSE,FALSE,FALSE,,,
728,vivehypnosis.de,FALSE,FALSE,FALSE,,,
729,spielzeugz.de,FALSE,FALSE,FALSE,,,
730,ocinside.de,FALSE,FALSE,FALSE,,,
731,webtools.de,FALSE,FALSE,FALSE,,,
732,tag24.de,FALSE,FALSE,FALSE,,,
733,openthesaurus.de,FALSE,FALSE,FALSE,,,
734,seedboxgui.de,FALSE,FALSE,FALSE,,,
735,iheartberlin.de,FALSE,FALSE,FALSE,,,
736,hazard-city.de,FALSE,FALSE,FALSE,,,
737,modellversium.de,FALSE,FALSE,FALSE,,,
738,vladi-private-islands.de,FALSE,FALSE,FALSE,,,
739,xobor.de,FALSE,FALSE,FALSE,,,
740,wernerr.de,FALSE,FALSE,FALSE,,,
741,t-mobile-favoriten.de,TRUE,TRUE,FALSE,,,
742,jetzt.de,FALSE,FALSE,FALSE,,,
743,wallstreet-online.de,FALSE,FALSE,FALSE,,,
744,plugindex.de,FALSE,FALSE,FALSE,,,
745,berlinale.de,FALSE,FALSE,FALSE,,,
746,swp.de,FALSE,FALSE,FALSE,,,
747,windeltortenzauber.de,FALSE,FALSE,FALSE,,,
748,recordsale.de,FALSE,FALSE,FALSE,,,
749,abload.de,FALSE,FALSE,FALSE,,,
750,uni-oldenburg.de,FALSE,FALSE,FALSE,,,
751,bento.de,TRUE,TRUE,FALSE,TRUE,News/Journal,
752,quartzpage.de,FALSE,FALSE,FALSE,,,
753,spieletipps.de,FALSE,FALSE,FALSE,,,
754,icmarket.de,FALSE,FALSE,FALSE,,,
755,12bar.de,FALSE,FALSE,FALSE,,,
756,forumo.de,FALSE,FALSE,FALSE,,,
757,lvz-trauer.de,FALSE,FALSE,FALSE,,,
758,galeria-kaufhof.de,FALSE,FALSE,FALSE,,,
759,darc.de,FALSE,FALSE,FALSE,,,
760,coolibri.de,FALSE,FALSE,FALSE,,,
761,orcahome.de,FALSE,FALSE,FALSE,,,
762,shz.de,FALSE,FALSE,FALSE,,,
763,nikolaus-hohl.de,FALSE,FALSE,FALSE,,,
764,boker.de,FALSE,FALSE,FALSE,,,
765,iban-rechner.de,FALSE,TRUE,FALSE,FALSE,Business,Ads show
766,souldrinker.de,FALSE,FALSE,FALSE,,,
767,aqion.de,FALSE,FALSE,FALSE,,,
768,woolpedia.de,FALSE,FALSE,FALSE,,,
769,traffic-simulation.de,FALSE,FALSE,FALSE,,,
770,sn-trauer.de,FALSE,FALSE,FALSE,,,
771,klett-sprachen.de,FALSE,FALSE,FALSE,,,
772,number26.de,FALSE,FALSE,FALSE,,,
773,uni-passau.de,FALSE,FALSE,FALSE,,,
774,sinn.de,FALSE,FALSE,FALSE,,,
775,desy.de,FALSE,FALSE,FALSE,,,
776,tu-ilmenau.de,FALSE,FALSE,FALSE,,,
777,elbphilharmonie.de,FALSE,FALSE,FALSE,,,
778,danielnoethen.de,FALSE,FALSE,FALSE,,,
779,competex.de,FALSE,FALSE,FALSE,,,
780,dawnofanewday.de,FALSE,FALSE,FALSE,,,
781,bosch-career.de,FALSE,FALSE,FALSE,,,
782,donkeykongblog.blogspot.de,FALSE,FALSE,FALSE,,,
783,reichelt.de,FALSE,FALSE,FALSE,,,
784,codekicker.de,FALSE,FALSE,FALSE,,,
785,gt-trauer.de,FALSE,FALSE,FALSE,,,
786,vesalia.de,FALSE,FALSE,FALSE,,,
787,sweetamoris.de,FALSE,FALSE,FALSE,,,
788,lieferando.de,FALSE,FALSE,FALSE,,,
789,luther.de,FALSE,FALSE,FALSE,,,
790,tp-radio.de,FALSE,FALSE,FALSE,,,
791,pic-upload.de,FALSE,FALSE,FALSE,,,
792,musik-sammler.de,FALSE,FALSE,FALSE,,,
793,s-bahn-berlin.de,FALSE,FALSE,FALSE,,,
794,selur.de,FALSE,FALSE,FALSE,,,
795,deutsche-digitale-bibliothek.de,FALSE,FALSE,FALSE,,,
796,laut.de,FALSE,FALSE,FALSE,,,
797,buecher.de,FALSE,FALSE,FALSE,,,
798,filehorst.de,FALSE,FALSE,FALSE,,,
799,mausland.de,FALSE,FALSE,FALSE,,,
800,kruss.de,FALSE,FALSE,FALSE,,,
801,eltern.de,FALSE,FALSE,FALSE,,,
802,snafu.de,FALSE,FALSE,FALSE,,,
803,uni-bremen.de,FALSE,FALSE,FALSE,,,
804,branchen-check24.de,FALSE,FALSE,FALSE,,,
805,fu-berlin.de,FALSE,FALSE,FALSE,,,
806,tu-dortmund.de,FALSE,FALSE,FALSE,,,
807,metager.de,FALSE,FALSE,FALSE,,,
808,oneted.de,FALSE,FALSE,FALSE,,,
809,kn-trauer.de,FALSE,FALSE,FALSE,,,
810,f5-tech.de,FALSE,FALSE,FALSE,,,
811,tum.de,FALSE,FALSE,FALSE,,,
812,dw-world.de,FALSE,FALSE,FALSE,,,
813,jmberlin.de,FALSE,FALSE,FALSE,,,
814,sachsen.de,FALSE,TRUE,FALSE,FALSE,,
815,gsa-online.de,FALSE,FALSE,FALSE,,,
816,co.de,FALSE,FALSE,FALSE,,,
817,rogator.de,FALSE,FALSE,FALSE,,,
818,blue-marble.de,FALSE,FALSE,FALSE,,,
819,usembassy.de,FALSE,FALSE,FALSE,,,
820,capital.k12.de.us,FALSE,FALSE,FALSE,,,
821,teso-harvest-merge.de,FALSE,FALSE,FALSE,,,
822,spon.de,FALSE,FALSE,FALSE,,,
823,nccvt.k12.de.us,FALSE,FALSE,FALSE,,,
824,fiz-karlsruhe.de,FALSE,FALSE,FALSE,,,
825,misenbootlegauchateau.blogspot.de,FALSE,FALSE,FALSE,,,
826,barcelona.de,FALSE,FALSE,FALSE,,,
827,boesckens.de,FALSE,FALSE,FALSE,,,
828,zum.de,FALSE,FALSE,FALSE,,,
829,weiners-welt.de,FALSE,FALSE,FALSE,,,
830,ingame.de,FALSE,FALSE,FALSE,,,
831,colourbox.de,FALSE,FALSE,FALSE,,,
832,ulissesmachado.de,FALSE,FALSE,FALSE,,,
833,frustfrei-lernen.de,FALSE,FALSE,FALSE,,,
834,kaikreuzer.de,FALSE,FALSE,FALSE,,,
835,hentschke-keramik.de,FALSE,FALSE,FALSE,,,
836,tapirapps.de,FALSE,FALSE,FALSE,,,
837,wiimm.de,FALSE,FALSE,FALSE,,,
838,svenswrapper.de,FALSE,FALSE,FALSE,,,
839,spacefacts.de,FALSE,FALSE,FALSE,,,
840,pfoka-sport.de,FALSE,FALSE,FALSE,,,
841,payengine.de,FALSE,FALSE,FALSE,,,
842,nachrichtenleicht.de,FALSE,FALSE,FALSE,,,
843,posteo.de,FALSE,FALSE,FALSE,,,
844,clean-mx.de,FALSE,FALSE,FALSE,,,
845,wiimmfi.de,FALSE,FALSE,FALSE,,,
846,digitale-sammlungen.de,FALSE,FALSE,FALSE,,,
847,frarwie.de,FALSE,FALSE,FALSE,,,
848,dwds.de,FALSE,FALSE,FALSE,,,
849,2nk.de,FALSE,FALSE,FALSE,,,
850,sp-studio.de,FALSE,TRUE,FALSE,TRUE,Sports/Games,
851,greentoken.de,FALSE,FALSE,FALSE,,,
852,uni-giessen.de,FALSE,FALSE,FALSE,,,
853,zumdamenhaus.blogspot.de,FALSE,FALSE,FALSE,,,
854,design-museum.de,FALSE,FALSE,FALSE,,,
855,paywithapost.de,FALSE,FALSE,FALSE,,,
856,webdesigner-tutorials.de,FALSE,FALSE,FALSE,,,
857,grauonline.de,FALSE,FALSE,FALSE,,,
858,thesycon.de,FALSE,FALSE,FALSE,,,
859,srv2.de,FALSE,FALSE,FALSE,,,
860,nuernberg.de,FALSE,FALSE,FALSE,,,
861,kinocheck.de,FALSE,FALSE,FALSE,,,
862,booklooker.de,FALSE,FALSE,FALSE,,,
863,heute.de,FALSE,FALSE,FALSE,,,
864,zugspitze.de,FALSE,FALSE,FALSE,,,
865,weyermann.de,FALSE,FALSE,FALSE,,,
866,netsplit.de,FALSE,FALSE,FALSE,,,
867,solekitchen.de,FALSE,FALSE,FALSE,,,
868,andrea-kleinert.de,FALSE,FALSE,FALSE,,,
869,freefo.de,FALSE,FALSE,FALSE,,,
870,netmoms.de,FALSE,FALSE,FALSE,,,
871,wotax.de,FALSE,FALSE,FALSE,,,
872,absolventa.de,FALSE,FALSE,FALSE,,,
873,gehrcke.de,FALSE,FALSE,FALSE,,,
874,learnenglish.de,FALSE,FALSE,FALSE,,,
875,uni-karlsruhe.de,FALSE,FALSE,FALSE,,,
876,serversigns.de,FALSE,FALSE,FALSE,,,
877,clipfish.de,FALSE,FALSE,FALSE,,,
878,metal-hammer.de,FALSE,FALSE,FALSE,,,
879,abctravel.de,FALSE,FALSE,FALSE,,,
880,meedia.de,FALSE,FALSE,FALSE,,,
881,chrono24.de,FALSE,FALSE,FALSE,,,
882,npage.de,FALSE,FALSE,FALSE,,,
883,taz.de,FALSE,FALSE,FALSE,,,
884,audi-technology-portal.de,FALSE,FALSE,FALSE,,,
885,dsmz.de,FALSE,FALSE,FALSE,,,
886,daedalic.de,FALSE,FALSE,FALSE,,,
887,meo.de,FALSE,FALSE,FALSE,,,
888,bonedo.de,FALSE,FALSE,FALSE,,,
889,flixbus.de,FALSE,FALSE,FALSE,,,
890,hdsdr.de,FALSE,FALSE,FALSE,,,
891,ariva.de,FALSE,FALSE,FALSE,,,
892,mrwonko.de,FALSE,FALSE,FALSE,,,
893,berghain.de,FALSE,FALSE,FALSE,,,
894,paehl.de,FALSE,FALSE,FALSE,,,
895,strandedonline.de,FALSE,FALSE,FALSE,,,
896,miele.de,FALSE,FALSE,FALSE,,,
897,sponsorads.de,FALSE,FALSE,FALSE,,,
898,phpunit.de,FALSE,FALSE,FALSE,,,
899,udk-berlin.de,FALSE,FALSE,FALSE,,,
900,sphaerez.de,FALSE,FALSE,FALSE,,,
901,schattauer.de,FALSE,FALSE,FALSE,,,
902,ebesucher.de,FALSE,FALSE,FALSE,,,
903,hdg.de,FALSE,FALSE,FALSE,,,
904,s9x-w32.de,FALSE,FALSE,FALSE,,,
905,westpfalz-ferien.de,FALSE,FALSE,FALSE,,,
906,uni-luebeck.de,FALSE,FALSE,FALSE,,,
907,news.de,FALSE,FALSE,FALSE,,,
908,artweaver.de,FALSE,FALSE,FALSE,,,
909,sumogames.de,FALSE,FALSE,FALSE,,,
910,trojaner-board.de,FALSE,FALSE,FALSE,,,
911,cerlestes.de,FALSE,FALSE,FALSE,,,
912,edelrid.de,FALSE,FALSE,FALSE,,,
913,ster.de,FALSE,FALSE,FALSE,,,
914,hhu.de,FALSE,FALSE,FALSE,,,
915,uni-wuerzburg.de,FALSE,FALSE,FALSE,,,
916,mypass.de,FALSE,FALSE,FALSE,,,
917,lisa18.de,FALSE,FALSE,FALSE,,,
918,hpi.de,FALSE,FALSE,FALSE,,,
919,forest-game.de,FALSE,FALSE,FALSE,,,
920,ucoz.de,FALSE,FALSE,FALSE,,,
921,v-front.de,FALSE,FALSE,FALSE,,,
922,androidpit.de,FALSE,FALSE,FALSE,,,
923,simszoo.de,FALSE,FALSE,FALSE,,,
924,guenstiger.de,FALSE,FALSE,FALSE,,,
925,franzis.de,FALSE,FALSE,FALSE,,,
926,uni-frankfurt.de,FALSE,FALSE,FALSE,,,
927,jonasjohn.de,FALSE,FALSE,FALSE,,,
928,sunics.de,FALSE,FALSE,FALSE,,,
929,auswaertiges-amt.de,FALSE,FALSE,FALSE,,,
930,alternate.de,FALSE,FALSE,FALSE,,,
931,xfrei.de,FALSE,FALSE,FALSE,,,
932,freeshell.de,FALSE,FALSE,FALSE,,,
933,a-calc.de,FALSE,FALSE,FALSE,,,
934,felixbruns.de,FALSE,FALSE,FALSE,,,
935,fanfiktion.de,FALSE,FALSE,FALSE,,,
936,finanztip.de,FALSE,FALSE,FALSE,,,
937,presseportal.de,FALSE,FALSE,FALSE,,,
938,connect.de,FALSE,FALSE,FALSE,,,
939,mp3tag.de,FALSE,FALSE,FALSE,,,
940,conceito.de,TRUE,FALSE,TRUE,FALSE,,
941,dw.de,FALSE,FALSE,FALSE,,,
942,denic.de,FALSE,FALSE,FALSE,,,
943,mypet-plugin.de,FALSE,FALSE,FALSE,,,
944,wiidatabase.de,FALSE,FALSE,FALSE,,,
945,mpi-cbg.de,FALSE,FALSE,FALSE,,,
946,robinwieruch.de,FALSE,FALSE,FALSE,,,
947,partacus.de,FALSE,FALSE,FALSE,,,
948,fc-moto.de,FALSE,FALSE,FALSE,,,
949,hwwi.de,FALSE,FALSE,FALSE,,,
950,neu.de,FALSE,FALSE,FALSE,,,
951,uni-ulm.de,FALSE,FALSE,FALSE,,,
952,f2ko.de,FALSE,FALSE,FALSE,,,
953,adom.de,FALSE,FALSE,FALSE,,,
954,kanojo.de,FALSE,FALSE,FALSE,,,
955,4fansites.de,FALSE,FALSE,FALSE,,,
956,ancestry.de,FALSE,FALSE,FALSE,,,
957,dhm.de,FALSE,FALSE,FALSE,,,
958,mh-aerotools.de,FALSE,FALSE,FALSE,,,
959,uni-osnabrueck.de,FALSE,FALSE,FALSE,,,
960,suedkurier.de,FALSE,FALSE,FALSE,,,
961,shahak.de,FALSE,FALSE,FALSE,,,
962,stadt-bremerhaven.de,FALSE,FALSE,FALSE,,,
963,filb.de,FALSE,FALSE,FALSE,,,
964,lead-adventure.de,FALSE,FALSE,FALSE,,,
965,uni-goettingen.de,FALSE,FALSE,FALSE,,,
966,giz.de,FALSE,FALSE,FALSE,,,
967,enigmaco.de,FALSE,FALSE,FALSE,,,
968,frag-mutti.de,FALSE,FALSE,FALSE,,,
969,livenation.de,FALSE,FALSE,FALSE,,,
970,keyforsteam.de,FALSE,FALSE,FALSE,,,
971,charite.de,FALSE,FALSE,FALSE,,,
972,nordicnames.de,FALSE,FALSE,FALSE,,,
973,mandala-4free.de,FALSE,FALSE,FALSE,,,
974,opel.de,FALSE,FALSE,FALSE,,,
975,adcell.de,TRUE,TRUE,FALSE,TRUE,Business,
976,supermagnete.de,FALSE,FALSE,FALSE,,,
977,craigslist.de,FALSE,FALSE,FALSE,,,
978,weltbild.de,FALSE,FALSE,FALSE,,,
979,blackd.de,FALSE,FALSE,FALSE,,,
980,paxii.de,FALSE,FALSE,FALSE,,,
981,americanairlines.de,FALSE,FALSE,FALSE,,,
982,azzaro-lingua.de,FALSE,FALSE,FALSE,,,
983,schaumburg-trauert.de,FALSE,FALSE,FALSE,,,
984,verblisten.de,FALSE,FALSE,FALSE,,,
985,mobiltec24.de,FALSE,FALSE,FALSE,,,
986,onyxbits.de,FALSE,FALSE,FALSE,,,
987,kassengesetz.de,FALSE,FALSE,FALSE,,,
988,ngz-server.de,FALSE,FALSE,FALSE,,,
989,dagstuhl.de,FALSE,FALSE,FALSE,,,
990,nerds.de,FALSE,FALSE,FALSE,,,
991,spddl.de,FALSE,FALSE,FALSE,,,
992,tobias-erichsen.de,FALSE,FALSE,FALSE,,,
993,uni-mainz.de,FALSE,FALSE,FALSE,,,
994,anti-scam.de,FALSE,FALSE,FALSE,,,
995,iridiumbrowser.de,FALSE,FALSE,FALSE,,,
996,zib-militaria.de,FALSE,FALSE,FALSE,,,
997,3sat.de,FALSE,FALSE,FALSE,,,
998,jlgraphics.de,FALSE,FALSE,FALSE,,,
999,spokensanskrit.de,FALSE,FALSE,FALSE,,,
1000,cleanlaser.de,FALSE,FALSE,FALSE,,,
1001,online-ofb.de,FALSE,FALSE,FALSE,,,
1002,mathematische-basteleien.de,FALSE,FALSE,FALSE,,,
1003,monstertech.de,FALSE,FALSE,FALSE,,,
1004,sunshine-flower.de,FALSE,FALSE,FALSE,,,
1005,utrace.de,FALSE,FALSE,FALSE,,,
1006,audi.de,FALSE,FALSE,FALSE,,,
1007,finanznachrichten.de,FALSE,FALSE,FALSE,,,
1008,culturahispana.de,FALSE,FALSE,FALSE,,,
1009,ngin.de,FALSE,FALSE,FALSE,,,
1010,abebooks.de,FALSE,FALSE,FALSE,,,
1011,media-carrier.de,FALSE,FALSE,FALSE,,,
1012,oktoberfest.de,FALSE,FALSE,FALSE,,,
1013,forumprofi.de,FALSE,FALSE,FALSE,,,
1014,schwaebische.de,FALSE,FALSE,FALSE,,,
1015,ego4u.de,FALSE,FALSE,FALSE,,,
1016,bmwgroup.de,FALSE,FALSE,FALSE,,,
1017,blogrebellen.de,FALSE,FALSE,FALSE,,,
1018,uni-kiel.de,FALSE,FALSE,FALSE,,,
1019,webpack.de,FALSE,FALSE,FALSE,,,
1020,miomai.de,FALSE,FALSE,FALSE,,,
1021,kitreviewsonline.de,FALSE,FALSE,FALSE,,,
1022,eventbrite.de,FALSE,FALSE,FALSE,,,
1023,waz-trauer.de,FALSE,FALSE,FALSE,,,
1024,babybundles.de,FALSE,FALSE,FALSE,,,
1025,lastminute.de,FALSE,FALSE,FALSE,,,
1026,all4sims.de,FALSE,FALSE,FALSE,,,
1027,jgiesen.de,FALSE,FALSE,FALSE,,,
1028,winprivacy.de,FALSE,FALSE,FALSE,,,
1029,spielwarenmesse.de,FALSE,FALSE,FALSE,,,
1030,timroes.de,FALSE,FALSE,FALSE,,,
1031,aachen-gedenkt.de,FALSE,FALSE,FALSE,,,
1032,rme-audio.de,FALSE,FALSE,FALSE,,,
1033,warumdarum.de,FALSE,FALSE,FALSE,,,
1034,1a-finalist.de,FALSE,FALSE,FALSE,,,
1035,zeldaeurope.de,FALSE,FALSE,FALSE,,,
1036,firsturl.de,FALSE,FALSE,FALSE,,,
1037,skigebiete-test.de,FALSE,FALSE,FALSE,,,
1038,skyrocket.de,FALSE,FALSE,FALSE,,,
1039,uni-koeln.de,FALSE,FALSE,FALSE,,,
1040,suhrkamp.de,FALSE,FALSE,FALSE,,,
1041,jsingler.de,FALSE,FALSE,FALSE,,,
1042,vogue.de,FALSE,FALSE,FALSE,,,
1043,go-seo.de,FALSE,FALSE,FALSE,,,
1044,emp.de,FALSE,FALSE,FALSE,,,
1045,kz-gedenkstaette-dachau.de,FALSE,FALSE,FALSE,,,
1046,uni-heidelberg.de,FALSE,FALSE,FALSE,,,
1047,soscisurvey.de,FALSE,FALSE,FALSE,,,
1048,fh-potsdam.de,FALSE,FALSE,FALSE,,,
1049,dexpot.de,FALSE,FALSE,FALSE,,,
1050,dreamcandy.de,FALSE,FALSE,FALSE,,,
1051,emubase.de,FALSE,FALSE,FALSE,,,
1052,gamona.de,FALSE,FALSE,FALSE,,,
1053,voltimum.de,FALSE,FALSE,FALSE,,,
1054,andrewhy.de,FALSE,FALSE,FALSE,,,
1055,uni-assist.de,FALSE,FALSE,FALSE,,,
1056,econbiz.de,FALSE,FALSE,FALSE,,,
1057,aip.de,FALSE,FALSE,FALSE,,,
1058,tutanota.de,FALSE,FALSE,FALSE,,,
1059,infoalarm.de,FALSE,FALSE,FALSE,,,
1060,hatjecantz.de,FALSE,FALSE,FALSE,,,
1061,winhistory.de,FALSE,FALSE,FALSE,,,
1062,joomla-spezialist.de,FALSE,FALSE,FALSE,,,
1063,hosteurope.de,FALSE,FALSE,FALSE,,,
1064,thehutt.de,FALSE,FALSE,FALSE,,,
1065,weitzenegger.de,FALSE,FALSE,FALSE,,,
1066,mikatiming.de,FALSE,FALSE,FALSE,,,
1067,uni-jena.de,FALSE,FALSE,FALSE,,,
1068,citypopulation.de,FALSE,FALSE,FALSE,,,
1069,kayak.de,FALSE,FALSE,FALSE,,,
1070,wiwo.de,TRUE,TRUE,TRUE,TRUE,News/Journal,
1071,fes.de,FALSE,FALSE,FALSE,,,
1072,fitforfun.de,FALSE,FALSE,FALSE,,,
1073,loker-it.de,FALSE,FALSE,FALSE,,,
1074,rebuy.de,FALSE,FALSE,FALSE,,,
1075,reinerstilesets.de,FALSE,FALSE,FALSE,,,
1076,martinfrick-photographie.de,FALSE,FALSE,FALSE,,,
1077,twenga.de,FALSE,FALSE,FALSE,,,
1078,gene-quantification.de,FALSE,FALSE,FALSE,,,
1079,cbooking.de,FALSE,FALSE,FALSE,,,
1080,tis-gdv.de,FALSE,FALSE,FALSE,,,
1081,genialetricks.de,FALSE,FALSE,FALSE,,,
1082,miwa-immobilien-allgaeu.de,FALSE,FALSE,FALSE,,,
1083,xn--ex-zurck-erobern-ozb.de,FALSE,FALSE,FALSE,,,
1084,psy.de,FALSE,FALSE,FALSE,,,
1085,fraunhofer.de,FALSE,FALSE,FALSE,,,
1086,maerklin.de,FALSE,FALSE,FALSE,,,
1087,elettershop.de,FALSE,FALSE,FALSE,,,
1088,boell.de,FALSE,FALSE,FALSE,,,
1089,bumperballs.de,FALSE,FALSE,FALSE,,,
1090,ranfft.de,FALSE,FALSE,FALSE,,,
1091,zu-cool.de,FALSE,FALSE,FALSE,,,
1092,uni-leipzig.de,FALSE,FALSE,FALSE,,,
1093,wuppertal.de,FALSE,FALSE,FALSE,,,
1094,ollydbg.de,FALSE,FALSE,FALSE,,,
1095,bundesarchiv.de,FALSE,FALSE,FALSE,,,
1096,mittelbayerische-trauer.de,FALSE,FALSE,FALSE,,,
1097,konsumentenumfrage.de,FALSE,FALSE,FALSE,,,
1098,sylviaplath.de,FALSE,FALSE,FALSE,,,
1099,kinderzeit-bremen.de,FALSE,FALSE,FALSE,,,
1100,fishpepper.de,FALSE,FALSE,FALSE,,,
1101,staatsbibliothek-berlin.de,FALSE,FALSE,FALSE,,,
1102,berliner-spatz.de,FALSE,FALSE,FALSE,,,
1103,uni-trier.de,FALSE,FALSE,FALSE,,,
1104,deutschlandfunk.de,FALSE,FALSE,FALSE,,,
1105,micaela-s.de,FALSE,FALSE,FALSE,,,
1106,lovelybooks.de,FALSE,FALSE,FALSE,,,
1107,2digitalgames.de,FALSE,FALSE,FALSE,,,
1108,vzm.de,FALSE,FALSE,FALSE,,,
1109,mindfactory.de,FALSE,FALSE,FALSE,,,
1110,mcdonalds.de,FALSE,FALSE,FALSE,,,
1111,dfki.de,FALSE,FALSE,FALSE,,,
1112,ahk.de,FALSE,FALSE,FALSE,,,
1113,gbv.de,FALSE,FALSE,FALSE,,,
1114,manager-magazin.de,FALSE,FALSE,FALSE,,,
1115,needforseat.de,FALSE,FALSE,FALSE,,,
1116,90min.de,FALSE,FALSE,FALSE,,,
1117,bvbtotal.de,FALSE,FALSE,FALSE,,,
1118,pollin.de,FALSE,FALSE,FALSE,,,
1119,swr3.de,FALSE,FALSE,FALSE,,,
1120,tu-clausthal.de,FALSE,FALSE,FALSE,,,
1121,uni-hamburg.de,FALSE,FALSE,FALSE,,,
1122,eidac.de,FALSE,FALSE,FALSE,,,
1123,sneakyrocks.de,FALSE,FALSE,FALSE,,,
1124,milena-velba.de,FALSE,FALSE,FALSE,,,
1125,kalender-365.de,FALSE,FALSE,FALSE,,,
